epoch,time,train/box_loss,train/cls_loss,train/l1_loss,train/dis_loss,metrics/precision(B),metrics/recall(B),metrics/mAP50(B),metrics/mAP50-95(B),val/box_loss,val/cls_loss,val/l1_loss,val/dis_loss,lr/pg0,lr/pg1,lr/pg2
1,279.135,2.34027,3.94599,0.01062,11.8215,0.1317,0.09914,0.03784,0.01042,2.44907,14.2032,0.03142,0,0.00032716,0.00032716,0.0676111
2,584.862,2.04633,2.18427,0.00801,8.46409,0.39443,0.45642,0.34842,0.13855,2.05786,2.94076,0.02349,0,0.000656135,0.000656135,0.0346068
3,825.813,2.07393,1.93779,0.00791,6.87862,0.55894,0.50418,0.49208,0.24565,1.90773,2.3489,0.02181,0,0.000980709,0.000980709,0.00159799
4,1091.87,1.96438,1.64527,0.00718,5.97342,0.59347,0.54049,0.52203,0.26794,1.94363,2.13773,0.02302,0,0.0009802,0.0009802,0.0009802
5,1288.09,1.95608,1.58194,0.00752,5.39566,0.62939,0.53015,0.56107,0.28989,1.89058,1.88648,0.02155,0,0.0009736,0.0009736,0.0009736
6,1517.47,1.95171,1.60976,0.00804,5.02682,0.76105,0.54921,0.61902,0.30631,1.96685,1.83299,0.02434,0,0.000967,0.000967,0.000967
7,1763.88,1.89606,1.38592,0.0067,4.67621,0.72835,0.61824,0.65847,0.31071,1.98839,1.54921,0.02363,0,0.0009604,0.0009604,0.0009604
8,2019.9,1.92394,1.44182,0.00669,4.44571,0.79182,0.65866,0.71952,0.36491,1.8416,1.44345,0.02063,0,0.0009538,0.0009538,0.0009538
9,2274.28,1.87484,1.39192,0.00684,4.23302,0.71476,0.55322,0.6128,0.31176,1.84576,1.63729,0.01974,0,0.0009472,0.0009472,0.0009472
10,2575.42,1.85041,1.29313,0.00675,4.08968,0.78258,0.61311,0.6924,0.38925,1.7552,1.38262,0.0196,0,0.0009406,0.0009406,0.0009406
11,2822.18,1.84879,1.30792,0.0066,4.00239,0.65078,0.5366,0.51999,0.27483,1.81003,1.76054,0.01957,0,0.000934,0.000934,0.000934
12,3070.9,1.88177,1.32359,0.00649,3.90843,0.64099,0.59717,0.56288,0.28956,1.87936,1.56131,0.02258,0,0.0009274,0.0009274,0.0009274
13,3293.66,1.80782,1.32495,0.00687,3.76691,0.79118,0.6331,0.71258,0.37126,1.77472,1.35179,0.01962,0,0.0009208,0.0009208,0.0009208
14,3535.79,1.81196,1.25465,0.00737,3.577,0.79625,0.64883,0.70418,0.40033,1.68969,1.35042,0.01786,0,0.0009142,0.0009142,0.0009142
15,3843.3,1.7476,1.16234,0.00606,3.52881,0.77032,0.63826,0.70624,0.38195,1.74219,1.35571,0.01868,0,0.0009076,0.0009076,0.0009076
16,4059.39,1.7767,1.25384,0.00705,3.436,0.80081,0.67166,0.75916,0.38707,1.78152,1.2516,0.01919,0,0.000901,0.000901,0.000901
17,4301.63,1.8143,1.23416,0.00667,3.45208,0.75176,0.62669,0.68448,0.38991,1.76017,1.27669,0.01876,0,0.0008944,0.0008944,0.0008944
18,4534.48,1.80274,1.18736,0.00653,3.36351,0.81848,0.6891,0.76015,0.42166,1.72988,1.2522,0.0186,0,0.0008878,0.0008878,0.0008878
19,4733.06,1.79193,1.20685,0.00665,3.30479,0.81608,0.69451,0.76113,0.39653,1.80544,1.40493,0.01895,0,0.0008812,0.0008812,0.0008812
20,5065.09,1.76765,1.13201,0.00636,3.19883,0.80716,0.67047,0.73712,0.39706,1.75965,1.26996,0.01827,0,0.0008746,0.0008746,0.0008746
21,5380.5,1.75665,1.13375,0.00562,3.04694,0.84389,0.70042,0.76959,0.44622,1.63351,1.11611,0.01724,0,0.000868,0.000868,0.000868
22,5738.92,1.74378,1.10276,0.00608,3.09246,0.83854,0.69102,0.77198,0.42802,1.67906,1.23111,0.01748,0,0.0008614,0.0008614,0.0008614
23,5942.98,1.6895,1.06753,0.00611,2.98048,0.83057,0.67662,0.7702,0.40588,1.74764,1.14204,0.01817,0,0.0008548,0.0008548,0.0008548
24,6207.41,1.72986,1.08515,0.00642,2.96117,0.86195,0.71567,0.79077,0.43947,1.69088,1.09507,0.01728,0,0.0008482,0.0008482,0.0008482
25,6481.48,1.68306,1.08774,0.00638,2.89018,0.80507,0.66943,0.73298,0.40117,1.76927,1.18623,0.01903,0,0.0008416,0.0008416,0.0008416
26,6768.01,1.76621,1.09972,0.00623,2.91805,0.73692,0.6089,0.67842,0.34405,1.80657,1.28246,0.0175,0,0.000835,0.000835,0.000835
27,7024.88,1.73141,1.04102,0.0057,2.80378,0.85541,0.68374,0.77193,0.422,1.72046,1.18364,0.01801,0,0.0008284,0.0008284,0.0008284
28,7239.45,1.70987,1.04676,0.00604,2.75933,0.83903,0.71601,0.77995,0.44292,1.63793,1.0961,0.01701,0,0.0008218,0.0008218,0.0008218
29,7471.05,1.68085,1.03843,0.00596,2.69758,0.82912,0.71513,0.78719,0.42412,1.86513,1.10685,0.02098,0,0.0008152,0.0008152,0.0008152
30,7742.9,1.70948,1.08646,0.00572,2.72306,0.80115,0.65413,0.73638,0.38365,1.81856,1.18679,0.0189,0,0.0008086,0.0008086,0.0008086
31,7952.57,1.68338,1.01827,0.00569,2.63306,0.848,0.69321,0.77891,0.43536,1.68431,1.10681,0.01735,0,0.000802,0.000802,0.000802
32,8184.63,1.68406,1.02787,0.0058,2.64947,0.82587,0.69881,0.76646,0.42411,1.69393,1.03832,0.0172,0,0.0007954,0.0007954,0.0007954
33,8427.4,1.69924,1.03702,0.00586,2.55659,0.87753,0.72956,0.80548,0.45929,1.63846,1.02609,0.0168,0,0.0007888,0.0007888,0.0007888
34,8711.44,1.67858,1.00464,0.00574,2.54183,0.79713,0.67491,0.73383,0.4002,1.69588,1.09182,0.01682,0,0.0007822,0.0007822,0.0007822
35,8974.72,1.68654,0.9995,0.00588,2.49444,0.8557,0.70965,0.78212,0.42724,1.67472,1.02806,0.01717,0,0.0007756,0.0007756,0.0007756
36,9237.39,1.66399,0.96507,0.00562,2.47048,0.87635,0.72991,0.80373,0.46306,1.65308,1.00672,0.0169,0,0.000769,0.000769,0.000769
37,9449.02,1.63249,0.94492,0.00582,2.46679,0.81676,0.67573,0.74395,0.41521,1.65738,1.07817,0.01609,0,0.0007624,0.0007624,0.0007624
38,9614.92,1.65858,0.95344,0.0057,2.39936,0.82141,0.68499,0.7485,0.41539,1.69867,1.09518,0.0167,0,0.0007558,0.0007558,0.0007558
39,9866.29,1.6475,0.93553,0.00543,2.39013,0.86565,0.7051,0.78258,0.44593,1.6471,1.10632,0.01647,0,0.0007492,0.0007492,0.0007492
40,10157.9,1.64833,0.94072,0.006,2.40137,0.85183,0.71429,0.79172,0.42497,1.69228,1.02524,0.01686,0,0.0007426,0.0007426,0.0007426
41,10350,1.65831,0.94556,0.00625,2.31486,0.85539,0.70408,0.77402,0.43384,1.68794,1.02553,0.01681,0,0.000736,0.000736,0.000736
42,10569.5,1.60946,0.90457,0.0055,2.26646,0.88616,0.7342,0.81119,0.46918,1.62259,0.97362,0.01635,0,0.0007294,0.0007294,0.0007294
43,10769.4,1.62992,0.90495,0.00533,2.27232,0.87451,0.73735,0.81037,0.47925,1.61579,0.98025,0.01689,0,0.0007228,0.0007228,0.0007228
44,10981.6,1.65571,0.9029,0.00514,2.22151,0.88189,0.72815,0.81239,0.46393,1.65827,0.98331,0.01722,0,0.0007162,0.0007162,0.0007162
45,11272.9,1.64416,0.90504,0.00525,2.23089,0.87087,0.7248,0.80866,0.42621,1.80677,1.02357,0.01854,0,0.0007096,0.0007096,0.0007096
46,11533.3,1.64258,0.91825,0.00546,2.19887,0.8723,0.74628,0.81296,0.47456,1.58521,0.99125,0.01587,0,0.000703,0.000703,0.000703
47,11741.6,1.63217,0.93349,0.00578,2.22863,0.85054,0.73439,0.78911,0.42965,1.77211,1.02981,0.01805,0,0.0006964,0.0006964,0.0006964
48,11950.5,1.58518,0.8696,0.00572,2.1252,0.87295,0.71756,0.79632,0.42383,1.74543,0.99457,0.01721,0,0.0006898,0.0006898,0.0006898
49,12268.9,1.60719,0.8848,0.0054,2.10049,0.82306,0.71497,0.77399,0.44132,1.61884,1.00443,0.01592,0,0.0006832,0.0006832,0.0006832
50,12533.3,1.62926,0.88108,0.00492,2.07957,0.86289,0.74712,0.80775,0.45311,1.68543,0.97723,0.01692,0,0.0006766,0.0006766,0.0006766
51,12819.5,1.64497,0.89952,0.00531,2.0833,0.84624,0.73025,0.79082,0.426,1.75566,0.99481,0.01736,0,0.00067,0.00067,0.00067
52,13088.9,1.58573,0.85619,0.00542,2.05473,0.88627,0.72743,0.8085,0.44762,1.68739,0.93889,0.01649,0,0.0006634,0.0006634,0.0006634
53,13301.7,1.59215,0.86278,0.00491,2.05091,0.88178,0.73959,0.80962,0.46832,1.62304,0.97055,0.01614,0,0.0006568,0.0006568,0.0006568
54,13503.6,1.60489,0.86499,0.00532,2.04375,0.87294,0.71022,0.79356,0.45049,1.67443,0.99118,0.01681,0,0.0006502,0.0006502,0.0006502
55,13747.7,1.59055,0.86235,0.00545,2.00765,0.87916,0.73869,0.8059,0.44976,1.66998,0.98313,0.01621,0,0.0006436,0.0006436,0.0006436
56,13951.9,1.56857,0.85953,0.00543,1.98985,0.87725,0.73497,0.80242,0.45904,1.64354,0.92326,0.01646,0,0.000637,0.000637,0.000637
57,14218.5,1.55092,0.86471,0.00537,1.96742,0.86543,0.70191,0.78157,0.42923,1.73294,0.96056,0.01704,0,0.0006304,0.0006304,0.0006304
58,14475.9,1.56899,0.83188,0.00509,1.94043,0.8539,0.70487,0.78113,0.43584,1.67016,1.01492,0.01633,0,0.0006238,0.0006238,0.0006238
59,14672.2,1.58133,0.82791,0.00486,1.96436,0.85673,0.69063,0.76202,0.38454,1.80784,1.10759,0.01763,0,0.0006172,0.0006172,0.0006172
60,14914.4,1.57434,0.84629,0.00542,1.93329,0.87796,0.72593,0.79819,0.41805,1.77921,0.97956,0.0176,0,0.0006106,0.0006106,0.0006106
61,15215.2,1.59213,0.85714,0.00547,1.92339,0.87545,0.7444,0.81318,0.46873,1.60315,0.98818,0.0157,0,0.000604,0.000604,0.000604
62,15465.3,1.54262,0.8072,0.00499,1.83772,0.84497,0.72213,0.78519,0.44615,1.60532,0.95864,0.01586,0,0.0005974,0.0005974,0.0005974
63,15804.3,1.55933,0.81062,0.00485,1.88174,0.89201,0.75301,0.83037,0.4838,1.61499,0.93083,0.01596,0,0.0005908,0.0005908,0.0005908
64,16034.7,1.55202,0.80779,0.00493,1.84561,0.79685,0.68353,0.72576,0.3815,1.75817,1.04613,0.01671,0,0.0005842,0.0005842,0.0005842
65,16254.2,1.55618,0.80069,0.00504,1.81853,0.84941,0.72834,0.78799,0.4464,1.61171,0.95724,0.01504,0,0.0005776,0.0005776,0.0005776
66,16484.6,1.54633,0.80344,0.00501,1.78453,0.88245,0.74218,0.81044,0.45616,1.661,0.94832,0.01617,0,0.000571,0.000571,0.000571
67,16710.3,1.56469,0.81493,0.00512,1.82916,0.85338,0.7219,0.79092,0.44505,1.64154,0.96963,0.01568,0,0.0005644,0.0005644,0.0005644
68,16928.5,1.48738,0.76624,0.00495,1.77024,0.86509,0.73725,0.80383,0.46454,1.58167,0.9396,0.01527,0,0.0005578,0.0005578,0.0005578
69,17185.7,1.54467,0.80783,0.0051,1.779,0.87006,0.73427,0.80487,0.46534,1.60163,0.93624,0.0156,0,0.0005512,0.0005512,0.0005512
70,17447.4,1.55533,0.80985,0.00519,1.78623,0.87739,0.73967,0.80902,0.47098,1.56787,0.96833,0.01461,0,0.0005446,0.0005446,0.0005446
71,17665.2,1.52159,0.79815,0.00498,1.74959,0.83464,0.7196,0.79066,0.44298,1.60147,1.02661,0.01523,0,0.000538,0.000538,0.000538
72,17894.8,1.55542,0.81711,0.00517,1.73784,0.88658,0.74746,0.82502,0.48942,1.55368,0.92729,0.01507,0,0.0005314,0.0005314,0.0005314
73,18145.6,1.5127,0.77976,0.00483,1.70682,0.88509,0.74876,0.81583,0.45701,1.62222,0.98084,0.01563,0,0.0005248,0.0005248,0.0005248
74,18381.3,1.53269,0.76211,0.00491,1.69541,0.88388,0.76734,0.83759,0.47935,1.583,0.88794,0.01519,0,0.0005182,0.0005182,0.0005182
75,18639.2,1.52799,0.78653,0.00492,1.70624,0.85422,0.74404,0.79807,0.46852,1.63461,0.98221,0.01645,0,0.0005116,0.0005116,0.0005116
76,18840.4,1.47718,0.77814,0.0059,1.70802,0.87766,0.75531,0.82189,0.45843,1.63958,0.98407,0.0158,0,0.000505,0.000505,0.000505
77,19071.7,1.50442,0.76238,0.00473,1.70212,0.87571,0.73208,0.80857,0.46742,1.59167,0.99574,0.0153,0,0.0004984,0.0004984,0.0004984
78,19285,1.52628,0.76928,0.00457,1.69488,0.90248,0.75444,0.83204,0.48068,1.58357,0.93624,0.01505,0,0.0004918,0.0004918,0.0004918
79,19525.1,1.51802,0.75682,0.00438,1.65277,0.85691,0.73693,0.80414,0.46712,1.59385,0.94911,0.01514,0,0.0004852,0.0004852,0.0004852
80,19756.2,1.52285,0.77201,0.00479,1.68451,0.86752,0.73624,0.80986,0.46214,1.63292,0.93941,0.01568,0,0.0004786,0.0004786,0.0004786
81,20043.4,1.51276,0.75914,0.00481,1.64054,0.88974,0.74908,0.82781,0.48873,1.58977,0.94338,0.01578,0,0.000472,0.000472,0.000472
82,20285.6,1.50722,0.75845,0.00507,1.65944,0.89114,0.7605,0.83241,0.49598,1.55596,0.88128,0.01529,0,0.0004654,0.0004654,0.0004654
83,20506.2,1.50212,0.76544,0.005,1.62156,0.88162,0.76476,0.82705,0.47978,1.57906,0.9092,0.01515,0,0.0004588,0.0004588,0.0004588
84,20748.1,1.48519,0.74348,0.00506,1.62208,0.87514,0.76591,0.8295,0.4917,1.54688,0.94287,0.01494,0,0.0004522,0.0004522,0.0004522
85,21102.8,1.48841,0.73902,0.00488,1.5726,0.86759,0.74484,0.80841,0.4498,1.62221,0.93298,0.01527,0,0.0004456,0.0004456,0.0004456
86,21396.7,1.49749,0.75299,0.00465,1.593,0.85613,0.74176,0.80647,0.46657,1.62213,0.94715,0.01569,0,0.000439,0.000439,0.000439
87,21629.8,1.5132,0.75652,0.00496,1.58147,0.87167,0.73013,0.79296,0.44972,1.67675,0.97016,0.01656,0,0.0004324,0.0004324,0.0004324
88,21838.7,1.48003,0.75337,0.00483,1.58716,0.85909,0.74456,0.80988,0.45988,1.60171,0.94466,0.01517,0,0.0004258,0.0004258,0.0004258
89,22097.7,1.46414,0.72684,0.0046,1.5598,0.8783,0.73729,0.81317,0.47783,1.56432,0.91965,0.01494,0,0.0004192,0.0004192,0.0004192
90,22333.1,1.51132,0.79159,0.00487,1.5706,0.88523,0.74836,0.81974,0.46932,1.64447,0.93859,0.016,0,0.0004126,0.0004126,0.0004126
91,22535.2,1.51675,0.7564,0.00467,1.57802,0.87303,0.75245,0.81716,0.48211,1.55947,0.91881,0.01498,0,0.000406,0.000406,0.000406
92,22761.7,1.48833,0.74338,0.00469,1.53794,0.86411,0.76371,0.8218,0.47659,1.59609,0.89794,0.01534,0,0.0003994,0.0003994,0.0003994
93,23027.3,1.46037,0.73223,0.0045,1.50195,0.86412,0.76033,0.82596,0.49374,1.53729,0.95102,0.01489,0,0.0003928,0.0003928,0.0003928
94,23279.1,1.48263,0.75182,0.00505,1.53807,0.86714,0.73628,0.80133,0.44552,1.61226,0.97893,0.01511,0,0.0003862,0.0003862,0.0003862
95,23519.1,1.51681,0.77015,0.00503,1.52234,0.89034,0.75339,0.82935,0.49278,1.54918,0.94375,0.01479,0,0.0003796,0.0003796,0.0003796
96,23755.2,1.48885,0.73116,0.00491,1.52832,0.88403,0.75728,0.82693,0.48313,1.64046,0.92967,0.01655,0,0.000373,0.000373,0.000373
97,23998.1,1.47634,0.72176,0.00523,1.52446,0.88203,0.74872,0.81838,0.47462,1.58866,0.93036,0.01516,0,0.0003664,0.0003664,0.0003664
98,24234.7,1.47135,0.72904,0.00449,1.47273,0.88368,0.75566,0.82732,0.49104,1.54833,0.9067,0.01497,0,0.0003598,0.0003598,0.0003598
99,24438.6,1.46906,0.72428,0.00439,1.47036,0.87004,0.75182,0.81782,0.4726,1.56278,0.91237,0.01457,0,0.0003532,0.0003532,0.0003532
100,24700.9,1.45647,0.72094,0.00444,1.50035,0.88461,0.7616,0.82669,0.46335,1.69359,0.94536,0.01659,0,0.0003466,0.0003466,0.0003466
101,24986,1.47558,0.72721,0.00464,1.45535,0.87695,0.74709,0.81649,0.4726,1.58539,0.92837,0.01502,0,0.00034,0.00034,0.00034
102,25216.2,1.45223,0.70126,0.00446,1.46169,0.86589,0.74787,0.81779,0.45564,1.66386,0.93611,0.01591,0,0.0003334,0.0003334,0.0003334
103,25447.8,1.44937,0.70161,0.00442,1.42892,0.87099,0.74987,0.81834,0.48011,1.56061,0.96145,0.01488,0,0.0003268,0.0003268,0.0003268
104,25669.3,1.41445,0.68596,0.00444,1.45481,0.86997,0.75309,0.82074,0.47292,1.57546,0.94598,0.01509,0,0.0003202,0.0003202,0.0003202
105,25908.4,1.43081,0.69391,0.00444,1.42741,0.85439,0.75288,0.81323,0.47366,1.56748,0.9178,0.01467,0,0.0003136,0.0003136,0.0003136
106,26132.7,1.43816,0.70591,0.00447,1.44118,0.89729,0.76105,0.83328,0.46954,1.63705,0.95112,0.01538,0,0.000307,0.000307,0.000307
107,26357.1,1.45633,0.73699,0.00484,1.45221,0.89073,0.75755,0.82594,0.47153,1.56905,0.91406,0.01467,0,0.0003004,0.0003004,0.0003004
108,26586.3,1.4311,0.69305,0.0044,1.418,0.88273,0.76961,0.83121,0.49023,1.52811,0.92499,0.01435,0,0.0002938,0.0002938,0.0002938
109,26801.7,1.42507,0.68418,0.00457,1.40659,0.89824,0.76211,0.83614,0.49642,1.53419,0.91444,0.01452,0,0.0002872,0.0002872,0.0002872
110,27024.8,1.43969,0.68854,0.00464,1.42192,0.87007,0.75075,0.8068,0.47746,1.53275,0.92444,0.01419,0,0.0002806,0.0002806,0.0002806
111,27293.7,1.44517,0.70079,0.00419,1.40769,0.89657,0.76525,0.83531,0.49226,1.5286,0.91072,0.01437,0,0.000274,0.000274,0.000274
112,27560.7,1.45113,0.69036,0.00437,1.40878,0.87322,0.74967,0.81442,0.47161,1.59073,0.94291,0.01493,0,0.0002674,0.0002674,0.0002674
113,27822.7,1.44884,0.70206,0.00447,1.40923,0.86912,0.74531,0.81331,0.47253,1.60343,0.91589,0.01553,0,0.0002608,0.0002608,0.0002608
114,28038.4,1.46928,0.73836,0.00494,1.43111,0.87237,0.75731,0.82181,0.48506,1.54743,0.9447,0.01467,0,0.0002542,0.0002542,0.0002542
115,28280.2,1.43347,0.70084,0.00457,1.38717,0.86874,0.75172,0.81887,0.4779,1.57783,0.9473,0.0149,0,0.0002476,0.0002476,0.0002476
116,28514.4,1.45201,0.70028,0.00428,1.3854,0.87582,0.77294,0.83222,0.48426,1.55148,0.9511,0.01469,0,0.000241,0.000241,0.000241
117,28770.2,1.428,0.70032,0.00457,1.36749,0.89242,0.77492,0.83526,0.49016,1.54719,0.93376,0.01468,0,0.0002344,0.0002344,0.0002344
118,29024.7,1.41935,0.67995,0.00423,1.3423,0.88988,0.76971,0.83212,0.48798,1.56289,0.93091,0.01497,0,0.0002278,0.0002278,0.0002278
119,29286.8,1.47795,0.70283,0.00414,1.36006,0.88519,0.77262,0.83584,0.49416,1.52201,0.88112,0.01422,0,0.0002212,0.0002212,0.0002212
120,29520.2,1.3793,0.66761,0.00465,1.36538,0.8743,0.75844,0.82298,0.48469,1.52648,0.9356,0.01418,0,0.0002146,0.0002146,0.0002146
121,29774.9,1.46519,0.70938,0.00411,1.33515,0.89263,0.77665,0.83866,0.50067,1.54659,0.93301,0.01496,0,0.000208,0.000208,0.000208
122,30056.7,1.44634,0.68951,0.00417,1.36676,0.86015,0.75614,0.81911,0.47562,1.58068,0.95228,0.01499,0,0.0002014,0.0002014,0.0002014
123,30265.9,1.40268,0.68027,0.00442,1.33892,0.89371,0.77587,0.833,0.50367,1.51815,0.9069,0.0145,0,0.0001948,0.0001948,0.0001948
124,30512.4,1.44883,0.70812,0.00472,1.36863,0.88904,0.75615,0.82639,0.48156,1.59001,0.94868,0.01523,0,0.0001882,0.0001882,0.0001882
125,30776.8,1.41245,0.67521,0.00414,1.32682,0.87158,0.76525,0.8245,0.48427,1.54487,0.9579,0.01457,0,0.0001816,0.0001816,0.0001816
126,30957.9,1.40205,0.67941,0.00433,1.32647,0.87695,0.76221,0.82961,0.49144,1.53565,0.9191,0.0145,0,0.000175,0.000175,0.000175
127,31234.9,1.44438,0.70786,0.0046,1.3206,0.87521,0.77028,0.83298,0.49509,1.56103,0.93438,0.01523,0,0.0001684,0.0001684,0.0001684
128,31557.4,1.44555,0.69628,0.00463,1.32514,0.87989,0.75709,0.82245,0.48704,1.56506,0.93908,0.01499,0,0.0001618,0.0001618,0.0001618
129,31789.7,1.41841,0.67848,0.00445,1.30291,0.8822,0.75643,0.82246,0.48011,1.59113,0.91392,0.01519,0,0.0001552,0.0001552,0.0001552
130,32019.5,1.41254,0.69208,0.00455,1.32425,0.89643,0.76529,0.83451,0.49201,1.56199,0.90691,0.01492,0,0.0001486,0.0001486,0.0001486
131,32275.2,1.39476,0.66562,0.00428,1.30976,0.89122,0.77175,0.83422,0.48955,1.55956,0.91793,0.01483,0,0.000142,0.000142,0.000142
132,32499.2,1.4452,0.6798,0.00399,1.28124,0.89355,0.76671,0.83287,0.49243,1.55146,0.94623,0.01471,0,0.0001354,0.0001354,0.0001354
133,32752.4,1.42064,0.69008,0.00438,1.32209,0.89693,0.7759,0.83885,0.49589,1.54382,0.92607,0.01459,0,0.0001288,0.0001288,0.0001288
134,32987.6,1.42683,0.69882,0.0045,1.28747,0.89773,0.77781,0.84044,0.49535,1.57513,0.91089,0.01513,0,0.0001222,0.0001222,0.0001222
135,33232.4,1.40619,0.66903,0.00415,1.28541,0.88944,0.76708,0.83041,0.48686,1.56337,0.93328,0.01478,0,0.0001156,0.0001156,0.0001156
136,33456.3,1.41878,0.68694,0.0043,1.27733,0.88807,0.76449,0.82941,0.48452,1.56196,0.93537,0.01451,0,0.000109,0.000109,0.000109
137,33722.9,1.41302,0.68246,0.0044,1.27849,0.89096,0.76852,0.83158,0.49568,1.54136,0.92851,0.01471,0,0.0001024,0.0001024,0.0001024
138,33939.1,1.43029,0.67787,0.00404,1.25558,0.88195,0.76153,0.82578,0.48575,1.57029,0.91931,0.01489,0,9.58e-05,9.58e-05,9.58e-05
139,34194.4,1.42785,0.675,0.00404,1.26338,0.89368,0.76843,0.83658,0.49322,1.56799,0.91485,0.01495,0,8.92e-05,8.92e-05,8.92e-05
140,34475.3,1.41268,0.67575,0.00416,1.26751,0.88834,0.75923,0.83078,0.48647,1.55683,0.92184,0.01468,0,8.26e-05,8.26e-05,8.26e-05
141,34685,1.3385,0.60524,0.00533,1.2146,0.89043,0.77948,0.84203,0.50265,1.51998,0.91478,0.01434,0,7.6e-05,7.6e-05,7.6e-05
142,34842.4,1.31951,0.59186,0.00475,1.18782,0.89098,0.76462,0.83528,0.49726,1.52449,0.91242,0.01423,0,6.94e-05,6.94e-05,6.94e-05
143,35044,1.34189,0.59456,0.00466,1.18696,0.90334,0.77299,0.84415,0.50464,1.51983,0.89395,0.01436,0,6.28e-05,6.28e-05,6.28e-05
144,35230.1,1.31683,0.59698,0.00444,1.15748,0.89228,0.772,0.83675,0.4977,1.52909,0.90601,0.01436,0,5.62e-05,5.62e-05,5.62e-05
145,35408.2,1.31491,0.61529,0.00508,1.17383,0.89741,0.77282,0.83954,0.50101,1.52743,0.90839,0.01441,0,4.96e-05,4.96e-05,4.96e-05
146,35598.4,1.3062,0.5813,0.0044,1.15289,0.89556,0.77481,0.83873,0.50118,1.52488,0.90804,0.01436,0,4.3e-05,4.3e-05,4.3e-05
147,35785.9,1.32623,0.57744,0.00482,1.1541,0.89353,0.7716,0.83782,0.49993,1.5229,0.90846,0.01425,0,3.64e-05,3.64e-05,3.64e-05
148,35964.2,1.33274,0.5963,0.00455,1.15408,0.89062,0.77898,0.83956,0.50261,1.52543,0.90823,0.01438,0,2.98e-05,2.98e-05,2.98e-05
149,36143.3,1.29712,0.57496,0.00459,1.13349,0.88829,0.7788,0.83936,0.50127,1.53531,0.90931,0.01456,0,2.32e-05,2.32e-05,2.32e-05
150,36311.7,1.31227,0.58281,0.00512,1.17111,0.88543,0.77615,0.8382,0.49929,1.5347,0.91204,0.01444,0,1.66e-05,1.66e-05,1.66e-05
